<?xml version="1.0" encoding="UTF-8"?>
<project-private xmlns="http://www.netbeans.org/ns/project-private/1">
    <editor-bookmarks xmlns="http://www.netbeans.org/ns/editor-bookmarks/2" lastBookmarkId="0"/>
    <open-files xmlns="http://www.netbeans.org/ns/projectui-open-files/2">
        <group>
            <file>file:/root/Desktop/DentalDoctorDesk/web/contactus.jsp</file>
            <file>file:/root/Desktop/DentalDoctorDesk/web/setting.css</file>
            <file>file:/root/Desktop/DentalDoctorDesk/web/index.jsp</file>
            <file>file:/root/Desktop/DentalDoctorDesk/web/images/teethwhitening.jpg</file>
            <file>file:/root/Desktop/DentalDoctorDesk/web/Signup.jsp</file>
            <file>file:/root/Desktop/DentalDoctorDesk/web/services.jsp</file>
            <file>file:/root/Desktop/DentalDoctorDesk/web/patient.jsp</file>
            <file>file:/root/Desktop/DentalDoctorDesk/src/java/sait/ca/controller/DBOps.java</file>
            <file>file:/root/Desktop/DentalDoctorDesk/src/java/sait/ca/controller/DashboardController.java</file>
        </group>
    </open-files>
</project-private>
